size_txt,size_patt,time1,time4
100,50,0.002075,0.002269
100,100,0.004045,0.001729
100,200,0.008096,0.003848
100,400,0.016149,0.005938
100,800,0.032413,0.013172
100,1600,0.064927,0.022478
