size_patok,time,linear,para
20,100,0.00211,0.001348
40,100,0.00251,0.001348
80,100,0.003892,0.001441
160,100,0.005379,0.001733
320,100,0.008571,0.002195
