Length,Levensten,NR,R,RC
0,0,0.01562,0,0.01562
1,0.03125,0.03125,0.03125,0
2,0.0625,0.04688,0.0625,0.0625
3,0.0625,0.09375,0.28125,0.10938
4,0.10938,0.10938,1.45312,0.17188
5,0.14062,0.15625,7.78125,0.26562
6,0.21875,0.23438,42.35938,0.35938
7,0.28125,0.29688,216.6875,0.46875
